{
  "book_id": "an_investigation_of_the_laws_of_thought",
  "attention_summary": {
    "avg_entropy": 0.8160744976103085,
    "avg_ctx_attention": 0.9671398633056216
  },
  "embedding_summary": {
    "dims_for_90pct": 593,
    "dims_for_95pct": 673,
    "n_embd": 768
  },
  "prediction_summary": {
    "accuracy": 0.6648014266435319,
    "first_half_acc": 0.5414285714285716,
    "second_half_acc": 0.7794372294372294
  },
  "capacity_summary": {
    "total_params": 49171968,
    "near_zero_fraction": 0.07214724454388322,
    "saturated_layers": 0,
    "total_weight_layers": 26
  },
  "complexity": {
    "book_id": "an_investigation_of_the_laws_of_thought",
    "total_chars": 788957,
    "total_tokens": 224821,
    "unique_tokens": 5055,
    "type_token_ratio": 0.022484554378816926,
    "vocab_coverage": 0.6170654296875,
    "math_density": 0.10558637370913779,
    "avg_sentence_length": 24.987300435413644,
    "n_qa_pairs": 0,
    "avg_answer_words": 0.0,
    "avg_context_words": 0.0,
    "avg_question_words": 0.0
  }
}