{
  "book_id": "an_introduction_to_mathematics",
  "attention_summary": {
    "avg_entropy": 0.7970196575139163,
    "avg_ctx_attention": 0.9691271972325113
  },
  "embedding_summary": {
    "dims_for_90pct": 578,
    "dims_for_95pct": 664,
    "n_embd": 768
  },
  "prediction_summary": {
    "accuracy": 0.7870381863714203,
    "first_half_acc": 0.6852813852813853,
    "second_half_acc": 0.862744966325088
  },
  "capacity_summary": {
    "total_params": 49171968,
    "near_zero_fraction": 0.07155239342871125,
    "saturated_layers": 0,
    "total_weight_layers": 26
  },
  "complexity": {
    "book_id": "an_introduction_to_mathematics",
    "total_chars": 310852,
    "total_tokens": 88701,
    "unique_tokens": 5115,
    "type_token_ratio": 0.05766564074813136,
    "vocab_coverage": 0.6243896484375,
    "math_density": 0.10710154121730045,
    "avg_sentence_length": 21.64880227365002,
    "n_qa_pairs": 0,
    "avg_answer_words": 0.0,
    "avg_context_words": 0.0,
    "avg_question_words": 0.0
  }
}