{
  "book_id": "mathematical_recreations_and_essays",
  "attention_summary": {
    "avg_entropy": 0.7990231108950506,
    "avg_ctx_attention": 0.9684223938319418
  },
  "embedding_summary": {
    "dims_for_90pct": 577,
    "dims_for_95pct": 664,
    "n_embd": 768
  },
  "prediction_summary": {
    "accuracy": 0.4277164502164502,
    "first_half_acc": 0.3715079365079365,
    "second_half_acc": 0.4867063492063492
  },
  "capacity_summary": {
    "total_params": 49171968,
    "near_zero_fraction": 0.07120630193202761,
    "saturated_layers": 0,
    "total_weight_layers": 26
  },
  "complexity": {
    "book_id": "mathematical_recreations_and_essays",
    "total_chars": 835629,
    "total_tokens": 244911,
    "unique_tokens": 6263,
    "type_token_ratio": 0.025572554928116744,
    "vocab_coverage": 0.7645263671875,
    "math_density": 0.10495082959657039,
    "avg_sentence_length": 22.444950526150464,
    "n_qa_pairs": 0,
    "avg_answer_words": 0.0,
    "avg_context_words": 0.0,
    "avg_question_words": 0.0
  }
}