{
  "book_id": "openstax_algebra_and_trigonometry_2e",
  "attention_summary": {
    "avg_entropy": 0.8106879617052972,
    "avg_ctx_attention": 0.9565829924411244
  },
  "embedding_summary": {
    "dims_for_90pct": 582,
    "dims_for_95pct": 667,
    "n_embd": 768
  },
  "prediction_summary": {
    "accuracy": 0.4875081699346405,
    "first_half_acc": 0.2785714285714286,
    "second_half_acc": 0.6585714285714286
  },
  "capacity_summary": {
    "total_params": 49171968,
    "near_zero_fraction": 0.0709564034532846,
    "saturated_layers": 0,
    "total_weight_layers": 26
  },
  "complexity": {
    "book_id": "openstax_algebra_and_trigonometry_2e",
    "total_chars": 1854300,
    "total_tokens": 454057,
    "unique_tokens": 6002,
    "type_token_ratio": 0.013218604712624185,
    "vocab_coverage": 0.732666015625,
    "math_density": 0.016097653412500395,
    "avg_sentence_length": 16.617843866171004,
    "n_qa_pairs": 0,
    "avg_answer_words": 0.0,
    "avg_context_words": 0.0,
    "avg_question_words": 0.0
  }
}