{
  "book_id": "plane_geometry",
  "attention_summary": {
    "avg_entropy": 0.8202022765693354,
    "avg_ctx_attention": 0.9701102533274226
  },
  "embedding_summary": {
    "dims_for_90pct": 561,
    "dims_for_95pct": 654,
    "n_embd": 768
  },
  "prediction_summary": {
    "accuracy": 0.9833333333333332,
    "first_half_acc": 0.9666666666666668,
    "second_half_acc": 1.0
  },
  "capacity_summary": {
    "total_params": 49171968,
    "near_zero_fraction": 0.07119883833000136,
    "saturated_layers": 0,
    "total_weight_layers": 26
  },
  "complexity": {
    "book_id": "plane_geometry",
    "total_chars": 306401,
    "total_tokens": 97135,
    "unique_tokens": 3000,
    "type_token_ratio": 0.030884850980594018,
    "vocab_coverage": 0.3662109375,
    "math_density": 0.27260002544945555,
    "avg_sentence_length": 14.451968503937008,
    "n_qa_pairs": 0,
    "avg_answer_words": 0.0,
    "avg_context_words": 0.0,
    "avg_question_words": 0.0
  }
}