{
  "book_id": "the_elements_of_non-euclidean_geometry",
  "attention_summary": {
    "avg_entropy": 0.813593558242929,
    "avg_ctx_attention": 0.9542441575063599
  },
  "embedding_summary": {
    "dims_for_90pct": 591,
    "dims_for_95pct": 672,
    "n_embd": 768
  },
  "prediction_summary": {
    "accuracy": 0.654987234987235,
    "first_half_acc": 0.4860317460317461,
    "second_half_acc": 0.8022619047619047
  },
  "capacity_summary": {
    "total_params": 49171968,
    "near_zero_fraction": 0.07230109236221743,
    "saturated_layers": 0,
    "total_weight_layers": 26
  },
  "complexity": {
    "book_id": "the_elements_of_non-euclidean_geometry",
    "total_chars": 552041,
    "total_tokens": 173748,
    "unique_tokens": 4926,
    "type_token_ratio": 0.028351405483804132,
    "vocab_coverage": 0.601318359375,
    "math_density": 0.14148792818715109,
    "avg_sentence_length": 19.595757575757577,
    "n_qa_pairs": 0,
    "avg_answer_words": 0.0,
    "avg_context_words": 0.0,
    "avg_question_words": 0.0
  }
}