{
  "book_id": "a_course_of_pure_mathematics",
  "attention_summary": {
    "avg_entropy": 0.7522328821988783,
    "avg_ctx_attention": 0.9262621526916822
  },
  "embedding_summary": {
    "dims_for_90pct": 53,
    "dims_for_95pct": 141,
    "n_embd": 256
  },
  "prediction_summary": {
    "accuracy": 0.5018635127902862,
    "first_half_acc": 0.42093434343434344,
    "second_half_acc": 0.558531746031746
  },
  "capacity_summary": {
    "total_params": 6953472,
    "near_zero_fraction": 0.05226180532545468,
    "saturated_layers": 0,
    "total_weight_layers": 26
  },
  "complexity": {
    "book_id": "a_course_of_pure_mathematics",
    "total_chars": 895837,
    "total_tokens": 313179,
    "unique_tokens": 4954,
    "type_token_ratio": 0.015818429715913265,
    "vocab_coverage": 0.604736328125,
    "math_density": 0.23967277398417958,
    "avg_sentence_length": 22.179600606673407,
    "n_qa_pairs": 2000,
    "avg_answer_words": 6.4925,
    "avg_context_words": 266.146,
    "avg_question_words": 10.1925
  }
}