{
  "book_id": "an_introduction_to_nonassociative_algebras",
  "attention_summary": {
    "avg_entropy": 0.8378358844184471,
    "avg_ctx_attention": 0.9578855646153291
  },
  "embedding_summary": {
    "dims_for_90pct": 169,
    "dims_for_95pct": 210,
    "n_embd": 256
  },
  "prediction_summary": {
    "accuracy": 0.35714285714285715,
    "first_half_acc": 0.23476190476190473,
    "second_half_acc": 0.44567099567099566
  },
  "capacity_summary": {
    "total_params": 6953472,
    "near_zero_fraction": 0.053296396390177456,
    "saturated_layers": 0,
    "total_weight_layers": 26
  },
  "complexity": {
    "book_id": "an_introduction_to_nonassociative_algebras",
    "total_chars": 18282,
    "total_tokens": 5284,
    "unique_tokens": 1103,
    "type_token_ratio": 0.2087433762301287,
    "vocab_coverage": 0.1346435546875,
    "math_density": 0.004856052722858134,
    "avg_sentence_length": 24.296610169491526,
    "n_qa_pairs": 121,
    "avg_answer_words": 14.636363636363637,
    "avg_context_words": 242.64462809917356,
    "avg_question_words": 15.520661157024794
  }
}