{
  "book_id": "arxiv_1806_09142v2",
  "attention_summary": {
    "avg_entropy": 0.8386772617648349,
    "avg_ctx_attention": 0.9554374615351359
  },
  "embedding_summary": {
    "dims_for_90pct": 183,
    "dims_for_95pct": 218,
    "n_embd": 256
  },
  "prediction_summary": {
    "accuracy": 0.28507272380556126,
    "first_half_acc": 0.25338383838383843,
    "second_half_acc": 0.31083333333333335
  },
  "capacity_summary": {
    "total_params": 6953472,
    "near_zero_fraction": 0.0575515368437523,
    "saturated_layers": 0,
    "total_weight_layers": 26
  },
  "complexity": {
    "book_id": "arxiv_1806_09142v2",
    "total_chars": 26555,
    "total_tokens": 12861,
    "unique_tokens": 1008,
    "type_token_ratio": 0.07837648705388384,
    "vocab_coverage": 0.123046875,
    "math_density": 0.01600771456123433,
    "avg_sentence_length": 15.824074074074074,
    "n_qa_pairs": 244,
    "avg_answer_words": 11.938524590163935,
    "avg_context_words": 744.438524590164,
    "avg_question_words": 9.569672131147541
  }
}