{
  "book_id": "arxiv_1806_00596v1",
  "attention_summary": {
    "avg_entropy": 0.8324108907509739,
    "avg_ctx_attention": 0.9594155835608641
  },
  "embedding_summary": {
    "dims_for_90pct": 1,
    "dims_for_95pct": 97,
    "n_embd": 256
  },
  "prediction_summary": {
    "accuracy": 0.38626828237122357,
    "first_half_acc": 0.3497222222222222,
    "second_half_acc": 0.41942279942279936
  },
  "capacity_summary": {
    "total_params": 6953472,
    "near_zero_fraction": 0.05192600185921508,
    "saturated_layers": 0,
    "total_weight_layers": 26
  },
  "complexity": {
    "book_id": "arxiv_1806_00596v1",
    "total_chars": 141648,
    "total_tokens": 55323,
    "unique_tokens": 2640,
    "type_token_ratio": 0.04771975489398623,
    "vocab_coverage": 0.322265625,
    "math_density": 0.010307161629434954,
    "avg_sentence_length": 14.83028083028083,
    "n_qa_pairs": 1688,
    "avg_answer_words": 6.234597156398104,
    "avg_context_words": 17907.938981042655,
    "avg_question_words": 11.540876777251185
  }
}