{
  "book_id": "arxiv_1607_06196v2",
  "attention_summary": {
    "avg_entropy": 0.8313623484687979,
    "avg_ctx_attention": 0.9717417123417059
  },
  "embedding_summary": {
    "dims_for_90pct": 176,
    "dims_for_95pct": 214,
    "n_embd": 256
  },
  "prediction_summary": {
    "accuracy": 0.31007001168765874,
    "first_half_acc": 0.24937895437895435,
    "second_half_acc": 0.36800418535712653
  },
  "capacity_summary": {
    "total_params": 6953472,
    "near_zero_fraction": 0.05583901107245416,
    "saturated_layers": 0,
    "total_weight_layers": 26
  },
  "complexity": {
    "book_id": "arxiv_1607_06196v2",
    "total_chars": 37074,
    "total_tokens": 14418,
    "unique_tokens": 1765,
    "type_token_ratio": 0.12241642391455125,
    "vocab_coverage": 0.2154541015625,
    "math_density": 0.11078431372549019,
    "avg_sentence_length": 12.58937198067633,
    "n_qa_pairs": 278,
    "avg_answer_words": 13.5,
    "avg_context_words": 185.23741007194243,
    "avg_question_words": 13.201438848920864
  }
}