{
  "book_id": "arxiv_1805_06560v1",
  "attention_summary": {
    "avg_entropy": 0.835886268386651,
    "avg_ctx_attention": 0.9718577874203523
  },
  "embedding_summary": {
    "dims_for_90pct": 150,
    "dims_for_95pct": 199,
    "n_embd": 256
  },
  "prediction_summary": {
    "accuracy": 0.42989183024988653,
    "first_half_acc": 0.37512987012987015,
    "second_half_acc": 0.48087301587301584
  },
  "capacity_summary": {
    "total_params": 6953472,
    "near_zero_fraction": 0.05547919082725867,
    "saturated_layers": 0,
    "total_weight_layers": 26
  },
  "complexity": {
    "book_id": "arxiv_1805_06560v1",
    "total_chars": 34357,
    "total_tokens": 14641,
    "unique_tokens": 1221,
    "type_token_ratio": 0.08339594290007513,
    "vocab_coverage": 0.1490478515625,
    "math_density": 0.02012927054478301,
    "avg_sentence_length": 12.543529411764705,
    "n_qa_pairs": 544,
    "avg_answer_words": 6.674632352941177,
    "avg_context_words": 539.1819852941177,
    "avg_question_words": 10.507352941176471
  }
}