{
  "book_id": "plane_geometry",
  "attention_summary": {
    "avg_entropy": 0.813719263038406,
    "avg_ctx_attention": 0.9781998358666897
  },
  "embedding_summary": {
    "dims_for_90pct": 25,
    "dims_for_95pct": 124,
    "n_embd": 256
  },
  "prediction_summary": {
    "accuracy": 0.5371248196248196,
    "first_half_acc": 0.3883333333333333,
    "second_half_acc": 0.6799999999999999
  },
  "capacity_summary": {
    "total_params": 6953472,
    "near_zero_fraction": 0.052979576246226345,
    "saturated_layers": 0,
    "total_weight_layers": 26
  },
  "complexity": {
    "book_id": "plane_geometry",
    "total_chars": 306401,
    "total_tokens": 97135,
    "unique_tokens": 3000,
    "type_token_ratio": 0.030884850980594018,
    "vocab_coverage": 0.3662109375,
    "math_density": 0.27260002544945555,
    "avg_sentence_length": 14.451968503937008,
    "n_qa_pairs": 2000,
    "avg_answer_words": 2.1965,
    "avg_context_words": 305.3395,
    "avg_question_words": 18.313
  }
}