{
  "book_id": "utility_of_quaternions_in_physics",
  "attention_summary": {
    "avg_entropy": 0.8172508414254587,
    "avg_ctx_attention": 0.9551281730333964
  },
  "embedding_summary": {
    "dims_for_90pct": 97,
    "dims_for_95pct": 169,
    "n_embd": 256
  },
  "prediction_summary": {
    "accuracy": 0.2163775766716943,
    "first_half_acc": 0.11861111111111111,
    "second_half_acc": 0.3088492063492063
  },
  "capacity_summary": {
    "total_params": 6953472,
    "near_zero_fraction": 0.05530273221780429,
    "saturated_layers": 0,
    "total_weight_layers": 26
  },
  "complexity": {
    "book_id": "utility_of_quaternions_in_physics",
    "total_chars": 214017,
    "total_tokens": 67976,
    "unique_tokens": 3697,
    "type_token_ratio": 0.05438684241496999,
    "vocab_coverage": 0.4512939453125,
    "math_density": 0.17532993472771452,
    "avg_sentence_length": 23.445500279485746,
    "n_qa_pairs": 1326,
    "avg_answer_words": 8.783559577677226,
    "avg_context_words": 290.11915535444945,
    "avg_question_words": 19.379336349924586
  }
}