{
  "book_id": "essays_on_the_theory_of_numbers",
  "attention_summary": {
    "avg_entropy": 0.8129258498545252,
    "avg_ctx_attention": 0.9759804954131445
  },
  "embedding_summary": {
    "dims_for_90pct": 633,
    "dims_for_95pct": 696,
    "n_embd": 768
  },
  "prediction_summary": {
    "accuracy": 0.007142857142857143,
    "first_half_acc": 0.014285714285714285,
    "second_half_acc": 0.0
  },
  "capacity_summary": {
    "total_params": 49171968,
    "near_zero_fraction": 0.07409516332557607,
    "saturated_layers": 0,
    "total_weight_layers": 26
  },
  "complexity": {
    "book_id": "essays_on_the_theory_of_numbers",
    "total_chars": 169523,
    "total_tokens": 54008,
    "unique_tokens": 3167,
    "type_token_ratio": 0.05863946082061917,
    "vocab_coverage": 0.3865966796875,
    "math_density": 0.22959414848857532,
    "avg_sentence_length": 22.037444933920703,
    "n_qa_pairs": 0,
    "avg_answer_words": 0.0,
    "avg_context_words": 0.0,
    "avg_question_words": 0.0
  }
}