{
  "book_id": "geometrical_solutions_derived_from_mechanics",
  "attention_summary": {
    "avg_entropy": 0.825071402669226,
    "avg_ctx_attention": 0.9696207866072655
  },
  "embedding_summary": {
    "dims_for_90pct": 632,
    "dims_for_95pct": 695,
    "n_embd": 768
  },
  "prediction_summary": {
    "accuracy": 0.015268920821617538,
    "first_half_acc": 0.006267806267806267,
    "second_half_acc": 0.02412075153948219
  },
  "capacity_summary": {
    "total_params": 49171968,
    "near_zero_fraction": 0.07389529335087829,
    "saturated_layers": 0,
    "total_weight_layers": 26
  },
  "complexity": {
    "book_id": "geometrical_solutions_derived_from_mechanics",
    "total_chars": 72681,
    "total_tokens": 20697,
    "unique_tokens": 1621,
    "type_token_ratio": 0.07832052954534474,
    "vocab_coverage": 0.1978759765625,
    "math_density": 0.40938370473537605,
    "avg_sentence_length": 33.96165191740413,
    "n_qa_pairs": 0,
    "avg_answer_words": 0.0,
    "avg_context_words": 0.0,
    "avg_question_words": 0.0
  }
}