{
  "book_id": "on_the_study_and_difficulties_of_mathematics",
  "attention_summary": {
    "avg_entropy": 0.7977862264729405,
    "avg_ctx_attention": 0.9613844553629557
  },
  "embedding_summary": {
    "dims_for_90pct": 631,
    "dims_for_95pct": 695,
    "n_embd": 768
  },
  "prediction_summary": {
    "accuracy": 0.004054054054054054,
    "first_half_acc": 0.005405405405405406,
    "second_half_acc": 0.002702702702702703
  },
  "capacity_summary": {
    "total_params": 49171968,
    "near_zero_fraction": 0.07369304397171982,
    "saturated_layers": 0,
    "total_weight_layers": 26
  },
  "complexity": {
    "book_id": "on_the_study_and_difficulties_of_mathematics",
    "total_chars": 409502,
    "total_tokens": 120780,
    "unique_tokens": 4880,
    "type_token_ratio": 0.04040404040404041,
    "vocab_coverage": 0.595703125,
    "math_density": 0.1390802282645183,
    "avg_sentence_length": 25.468449931412895,
    "n_qa_pairs": 0,
    "avg_answer_words": 0.0,
    "avg_context_words": 0.0,
    "avg_question_words": 0.0
  }
}