{
  "book_id": "some_famous_problems_of_the_theory_of_numbers",
  "attention_summary": {
    "avg_entropy": 0.8212214954306928,
    "avg_ctx_attention": 0.9595031523042254
  },
  "embedding_summary": {
    "dims_for_90pct": 636,
    "dims_for_95pct": 697,
    "n_embd": 768
  },
  "prediction_summary": {
    "accuracy": 0.0073039742212674535,
    "first_half_acc": 0.004166666666666667,
    "second_half_acc": 0.010526315789473684
  },
  "capacity_summary": {
    "total_params": 49171968,
    "near_zero_fraction": 0.07421785518122846,
    "saturated_layers": 0,
    "total_weight_layers": 26
  },
  "complexity": {
    "book_id": "some_famous_problems_of_the_theory_of_numbers",
    "total_chars": 55484,
    "total_tokens": 16345,
    "unique_tokens": 2413,
    "type_token_ratio": 0.14762924441725297,
    "vocab_coverage": 0.2945556640625,
    "math_density": 0.11316725978647686,
    "avg_sentence_length": 26.106100795755967,
    "n_qa_pairs": 0,
    "avg_answer_words": 0.0,
    "avg_context_words": 0.0,
    "avg_question_words": 0.0
  }
}