{
  "book_id": "symbolic_logic",
  "attention_summary": {
    "avg_entropy": 0.8201951743228277,
    "avg_ctx_attention": 0.9688906934526231
  },
  "embedding_summary": {
    "dims_for_90pct": 628,
    "dims_for_95pct": 693,
    "n_embd": 768
  },
  "prediction_summary": {
    "accuracy": 0.039428483620079266,
    "first_half_acc": 0.014828908731347757,
    "second_half_acc": 0.061431560895059245
  },
  "capacity_summary": {
    "total_params": 49171968,
    "near_zero_fraction": 0.07348819148340778,
    "saturated_layers": 0,
    "total_weight_layers": 26
  },
  "complexity": {
    "book_id": "symbolic_logic",
    "total_chars": 356317,
    "total_tokens": 127095,
    "unique_tokens": 3924,
    "type_token_ratio": 0.030874542664935677,
    "vocab_coverage": 0.47900390625,
    "math_density": 0.010654513076679292,
    "avg_sentence_length": 12.905753763662611,
    "n_qa_pairs": 0,
    "avg_answer_words": 0.0,
    "avg_context_words": 0.0,
    "avg_question_words": 0.0
  }
}