{
  "book_id": "the_integration_of_functions_of_a_single_variable",
  "attention_summary": {
    "avg_entropy": 0.8248783978865686,
    "avg_ctx_attention": 0.9751206214229265
  },
  "embedding_summary": {
    "dims_for_90pct": 629,
    "dims_for_95pct": 694,
    "n_embd": 768
  },
  "prediction_summary": {
    "accuracy": 0.03175144747725393,
    "first_half_acc": 0.012222222222222221,
    "second_half_acc": 0.0503968253968254
  },
  "capacity_summary": {
    "total_params": 49171968,
    "near_zero_fraction": 0.0736254851544685,
    "saturated_layers": 0,
    "total_weight_layers": 26
  },
  "complexity": {
    "book_id": "the_integration_of_functions_of_a_single_variable",
    "total_chars": 126467,
    "total_tokens": 42457,
    "unique_tokens": 2649,
    "type_token_ratio": 0.06239253833290152,
    "vocab_coverage": 0.3233642578125,
    "math_density": 0.18242642388312513,
    "avg_sentence_length": 23.226061204343534,
    "n_qa_pairs": 0,
    "avg_answer_words": 0.0,
    "avg_context_words": 0.0,
    "avg_question_words": 0.0
  }
}