{
  "book_id": "the_logic_of_chance",
  "attention_summary": {
    "avg_entropy": 0.8234181376929671,
    "avg_ctx_attention": 0.9604444164368842
  },
  "embedding_summary": {
    "dims_for_90pct": 624,
    "dims_for_95pct": 691,
    "n_embd": 768
  },
  "prediction_summary": {
    "accuracy": 0.02787878787878788,
    "first_half_acc": 0.03337662337662338,
    "second_half_acc": 0.0225
  },
  "capacity_summary": {
    "total_params": 49171968,
    "near_zero_fraction": 0.07288414813903726,
    "saturated_layers": 0,
    "total_weight_layers": 26
  },
  "complexity": {
    "book_id": "the_logic_of_chance",
    "total_chars": 976475,
    "total_tokens": 242653,
    "unique_tokens": 5722,
    "type_token_ratio": 0.02358099838040329,
    "vocab_coverage": 0.698486328125,
    "math_density": 0.010432120291508314,
    "avg_sentence_length": 28.379746835443036,
    "n_qa_pairs": 0,
    "avg_answer_words": 0.0,
    "avg_context_words": 0.0,
    "avg_question_words": 0.0
  }
}