{
  "book_id": "an_essay_on_the_foundations_of_geometry",
  "attention_summary": {
    "avg_entropy": 0.8147048150393816,
    "avg_ctx_attention": 0.9572750143706799
  },
  "embedding_summary": {
    "dims_for_90pct": 75,
    "dims_for_95pct": 156,
    "n_embd": 256
  },
  "prediction_summary": {
    "accuracy": 0.5732618697092382,
    "first_half_acc": 0.4638888888888889,
    "second_half_acc": 0.6757142857142857
  },
  "capacity_summary": {
    "total_params": 6953472,
    "near_zero_fraction": 0.05491112928908033,
    "saturated_layers": 0,
    "total_weight_layers": 26
  },
  "complexity": {
    "book_id": "an_essay_on_the_foundations_of_geometry",
    "total_chars": 483107,
    "total_tokens": 120036,
    "unique_tokens": 4942,
    "type_token_ratio": 0.041170982038721715,
    "vocab_coverage": 0.603271484375,
    "math_density": 0.01753447001554655,
    "avg_sentence_length": 24.36625,
    "n_qa_pairs": 2000,
    "avg_answer_words": 3.311,
    "avg_context_words": 411.635,
    "avg_question_words": 17.7555
  }
}