{
  "book_id": "arxiv_1308_5049v1",
  "attention_summary": {
    "avg_entropy": 0.835730561982774,
    "avg_ctx_attention": 0.97006697828571
  },
  "embedding_summary": {
    "dims_for_90pct": 158,
    "dims_for_95pct": 204,
    "n_embd": 256
  },
  "prediction_summary": {
    "accuracy": 0.5452472527472527,
    "first_half_acc": 0.465952380952381,
    "second_half_acc": 0.616103896103896
  },
  "capacity_summary": {
    "total_params": 6953472,
    "near_zero_fraction": 0.05609614880163464,
    "saturated_layers": 0,
    "total_weight_layers": 26
  },
  "complexity": {
    "book_id": "arxiv_1308_5049v1",
    "total_chars": 52571,
    "total_tokens": 18567,
    "unique_tokens": 1800,
    "type_token_ratio": 0.09694619486185167,
    "vocab_coverage": 0.2197265625,
    "math_density": 0.014260617960111605,
    "avg_sentence_length": 17.928436911487758,
    "n_qa_pairs": 527,
    "avg_answer_words": 7.3605313092979125,
    "avg_context_words": 901.2789373814041,
    "avg_question_words": 12.049335863377609
  }
}