{
  "book_id": "mathematical_recreations_and_essays",
  "attention_summary": {
    "avg_entropy": 0.7920785481816693,
    "avg_ctx_attention": 0.9712944030761719
  },
  "embedding_summary": {
    "dims_for_90pct": 91,
    "dims_for_95pct": 165,
    "n_embd": 256
  },
  "prediction_summary": {
    "accuracy": 0.495623674571043,
    "first_half_acc": 0.366468253968254,
    "second_half_acc": 0.6144047619047618
  },
  "capacity_summary": {
    "total_params": 6953472,
    "near_zero_fraction": 0.05549946846697592,
    "saturated_layers": 0,
    "total_weight_layers": 26
  },
  "complexity": {
    "book_id": "mathematical_recreations_and_essays",
    "total_chars": 835629,
    "total_tokens": 244911,
    "unique_tokens": 6263,
    "type_token_ratio": 0.025572554928116744,
    "vocab_coverage": 0.7645263671875,
    "math_density": 0.10495082959657039,
    "avg_sentence_length": 22.444950526150464,
    "n_qa_pairs": 2000,
    "avg_answer_words": 2.841,
    "avg_context_words": 278.4555,
    "avg_question_words": 18.783
  }
}