{
  "book_id": "the_first_six_books_of_the_elements_of_euclid",
  "attention_summary": {
    "avg_entropy": 0.8029118414588478,
    "avg_ctx_attention": 0.9705912284553051
  },
  "embedding_summary": {
    "dims_for_90pct": 22,
    "dims_for_95pct": 122,
    "n_embd": 256
  },
  "prediction_summary": {
    "accuracy": 0.43499999999999994,
    "first_half_acc": 0.43730158730158725,
    "second_half_acc": 0.43805555555555553
  },
  "capacity_summary": {
    "total_params": 6953472,
    "near_zero_fraction": 0.05319126905235255,
    "saturated_layers": 0,
    "total_weight_layers": 26
  },
  "complexity": {
    "book_id": "the_first_six_books_of_the_elements_of_euclid",
    "total_chars": 500054,
    "total_tokens": 150100,
    "unique_tokens": 3820,
    "type_token_ratio": 0.025449700199866754,
    "vocab_coverage": 0.46630859375,
    "math_density": 0.2633262869222419,
    "avg_sentence_length": 16.251429625530346,
    "n_qa_pairs": 2000,
    "avg_answer_words": 4.291,
    "avg_context_words": 283.1475,
    "avg_question_words": 12.7965
  }
}