{
  "book_id": "the_elements_of_non-euclidean_geometry",
  "attention_summary": {
    "avg_entropy": 0.8282113374843911,
    "avg_ctx_attention": 0.949386735757192
  },
  "embedding_summary": {
    "dims_for_90pct": 50,
    "dims_for_95pct": 140,
    "n_embd": 256
  },
  "prediction_summary": {
    "accuracy": 0.4117016806722689,
    "first_half_acc": 0.36666666666666664,
    "second_half_acc": 0.4522222222222222
  },
  "capacity_summary": {
    "total_params": 6953472,
    "near_zero_fraction": 0.0551930028624549,
    "saturated_layers": 0,
    "total_weight_layers": 26
  },
  "complexity": {
    "book_id": "the_elements_of_non-euclidean_geometry",
    "total_chars": 552041,
    "total_tokens": 173748,
    "unique_tokens": 4926,
    "type_token_ratio": 0.028351405483804132,
    "vocab_coverage": 0.601318359375,
    "math_density": 0.14148792818715109,
    "avg_sentence_length": 19.595757575757577,
    "n_qa_pairs": 2000,
    "avg_answer_words": 3.148,
    "avg_context_words": 287.835,
    "avg_question_words": 17.6895
  }
}